40,68.443,313.88
41,68.946,306.31
42,69.529,299.05
43,70.216,292.11
44,71.039,285.46
45,72.167,279.16
46,73.958,273.13
47,76.705,268.96
48,79.64,267.17
49,78.796,267.25
50,73.385,265.12
51,69.041,259.84
52,66.874,252.28
53,66.575,244.91
54,68.921,238.74
55,70.88,234.39
56,72.299,231.17
57,73.345,228.08
58,74.749,225.49
59,75.57,223.76
60,75.839,222.46
61,75.582,221.26
62,74.664,220.15
63,73.387,218.91
64,71.676,217.71
65,69.214,216.5
66,64.729,214.92
67,61.452,209.75
68,59.572,204
69,59.204,198.35
70,60.51,192.91
71,61.971,190.02
72,63.082,187.39
73,64.039,184.83
74,65.147,182.32
75,66.247,180.76
76,67.148,179.26
77,68.094,177.82
78,69.247,176.55
79,70.383,176.87
80,70.642,177.31
81,70.481,177.83
82,70.019,178.64
83,68.956,180.87
84,65.578,183.33
85,59.37,185.87
86,50.218,185.36
87,38.134,174.91
88,35.955,161.85
89,39.022,148.61
90,47.11,139.07
91,60.156,137.65
92,65.81,139.95
93,70.219,142.27
94,73.865,145.31
95,76.922,149.5
96,77.359,154.41
97,75.89,159.35
98,72.379,162.34
99,67.848,162.74
100,66.843,161.19
101,69.304,159.67
102,76.872,165.7
103,83.795,180.37
104,76.646,202.59
105,54.332,224.83
106,12.453,228.61
107,-30.629,212.69
108,-52.026,178.33
109,-57.033,144
110,-50.237,115.01
111,-38.943,91.784
112,-28.152,73.921
113,-13.461,56.068
114,11.956,46.259
115,34.617,45.869
116,49.624,53.515
117,59.008,61.175
118,64.242,68.018
119,68.187,73.715
120,71.342,78.587
121,73.531,83.476
122,73.67,87.766
123,73.672,91.002
124,73.549,93.638
125,73.128,96.278
126,70.96,98.255
127,69.452,98.606
128,68.514,98.275
129,68.025,97.942
130,67.568,97.5
131,67.639,96.547
132,68.268,95.457
133,69.703,94.454
134,72.902,93.85
135,75.043,96.502
136,75.89,99.704
137,75.249,102.87
138,72.816,105.92
139,70.379,105.88
140,68.55,105.63
141,67.105,105.39
142,65.713,105.14
143,64.483,104.3
144,63.533,103.46
145,62.76,102.62
146,62.089,101.78
147,61.539,100.8
148,61.166,99.814
149,60.916,98.835
150,60.774,97.858
151,60.762,96.87
152,60.923,95.886
153,61.283,94.908
154,61.856,94.078
155,62.667,93.689
156,63.219,93.433
157,63.807,93.191
158,64.485,93.146
159,65.278,93.513
160,65.524,94.079
161,65.554,94.651
162,65.373,95.149
163,65.008,95.527
164,64.611,95.832
165,64.031,96.144
166,63.19,96.159
167,62.216,95.786
168,61.725,95.118
169,61.448,94.456
170,61.315,93.824
171,61.291,93.225
172,61.337,92.657
173,61.501,92.095
174,61.78,91.57
175,62.157,91.082
176,62.607,90.632
177,63.285,90.187
178,64.36,90.078
179,65.396,90.331
180,66.109,90.921
181,66.612,91.515
182,66.99,92.066
183,67.364,92.564
184,67.787,93.017
185,68.279,93.474
186,68.895,93.949
187,69.624,94.446
188,70.497,94.959
189,71.58,95.476
190,72.934,95.789
191,75.352,95.735
192,79.415,95.475
193,85.856,95.333
194,104.88,101.36
195,113.88,123.09
196,112.66,151.21
197,100.19,178.83
198,66.809,201.6
199,37.549,202.57
200,11.989,197.66
201,-12.543,192.18
202,-45.562,184
203,-67.453,151.11
204,-77.002,114.38
205,-72.049,78.069
206,-48.785,42.987
207,-25.881,42.016
208,-10.534,43.11
209,-0.82097,44.207
210,6.1811,45.289
211,11.3,45.572
212,15.917,45.848
213,20.208,46.123
214,24.274,46.524
215,27.949,48.075
216,30.582,49.708
217,32.452,51.366
218,33.664,52.83
219,34.247,53.371
220,35.122,53.765
221,35.987,54.138
222,36.774,54.478
223,37.453,54.715
224,38.132,54.923
225,38.775,55.131
226,39.376,55.366
227,39.926,55.654
228,40.291,55.969
229,40.49,56.286
230,40.493,56.427
231,40.339,56.293
232,40.468,55.983
233,40.67,55.676
234,40.914,55.366
235,41.193,55.053
236,41.514,54.737
237,41.889,54.423
238,42.332,54.179
239,42.793,54.011
240,43.17,53.911
241,43.504,53.814
242,43.826,53.735
243,44.12,53.675
244,44.367,53.633
245,44.551,53.593
246,44.662,53.512
247,44.757,53.387
248,44.87,53.22
249,44.965,53.055
250,44.972,52.815
251,45.024,52.486
252,45.166,52.082
253,45.389,51.679
254,45.716,51.32
255,46.042,51.021
256,46.354,50.765
257,46.663,50.511
258,47.015,50.285
259,47.335,50.109
260,47.617,49.962
261,47.859,49.814
262,47.98,49.616
263,48.184,49.279
264,48.473,48.889
265,48.862,48.505
266,49.449,48.173
267,49.965,48.081
268,50.405,48.051
269,50.762,48.019
270,51.021,47.974
271,51.309,47.784
272,51.644,47.574
273,52.023,47.366
274,52.439,47.158
275,52.916,46.94
276,53.462,46.722
277,54.131,46.505
278,54.971,46.307
279,55.842,46.723
280,56.491,47.15
281,57.02,47.583
282,57.49,48.038
283,57.862,48.692
284,57.99,49.361
285,57.864,50.036
286,57.486,50.557
287,56.866,50.391
288,56.687,50.105
289,56.657,49.804
290,56.722,49.48
291,56.866,49.092
292,57.212,48.685
293,57.736,48.278
294,58.456,48.05
295,59.368,48.179
296,59.911,48.488
297,60.352,48.798
298,60.707,49.074
299,60.998,49.296
300,61.316,49.484
301,61.618,49.673
302,61.894,49.817
303,62.169,49.905
304,62.542,49.947
305,63.011,49.991
306,63.597,50.151
307,64.208,50.44
308,64.671,50.845
309,65.024,51.251
310,65.267,51.565
311,65.505,51.782
312,65.846,51.908
313,66.258,52.035
314,66.694,52.131
315,67.199,52.192
316,67.807,52.223
317,68.555,52.254
318,69.519,52.389
319,70.51,52.651
320,71.482,53.018
321,72.492,53.385
322,73.668,53.818
323,74.87,54.348
324,76.102,54.945
325,77.412,55.542
326,78.995,56.213
327,80.661,57.021
328,82.468,57.903
329,84.503,58.796
330,87.482,60.003
331,90.263,62.102
332,92.986,64.538
333,95.898,67.026
334,100.15,69.938
335,103.73,75.007
336,106.86,80.606
337,110.17,86.33
338,115.47,92.585
339,118.53,104.65
340,119.27,117.49
341,118.6,130.41
342,118.15,143.56
343,112.38,165.24
344,99.644,187.29
345,77.402,209.35
346,43.767,230.09
347,5.8775,215.72
348,-20.102,200.59
349,-40.25,185.19
350,-58.093,168.68
351,-72.772,143.5
352,-78.353,117.59
353,-76.347,91.486
354,-67.243,68.719
355,-51.119,60.112
356,-42.244,54.139
357,-34.603,48.517
358,-26.931,43.869
359,-18.629,41.875
360,-12.854,40.782
361,-7.3772,39.725
362,-1.8356,39.422
363,3.9484,40.573
364,7.835,42.477
365,11.583,44.382
366,15.602,47.971
367,19.421,54.074
368,18.33,61.867
369,13.104,69.656
370,2.9896,72.721
371,-9.4408,69.933
372,-15.219,62.423
373,-18.047,54.909
374,-19.049,47.72
375,-18.668,40.888
376,-17.396,34.374
377,-14.275,27.867
378,-8.6647,23.376
379,-2.7706,21.024
380,1.228,20.692
381,4.2217,20.36
382,6.9648,20.144
383,9.4005,20.057
384,11.51,20.085
385,13.357,20.115
386,15.078,20.182
387,16.655,20.298
388,18.084,20.452
389,19.376,20.606
390,20.534,20.745
391,21.636,20.861
392,22.695,20.961
393,23.715,21.062
394,24.727,21.191
395,25.669,21.374
396,26.544,21.585
397,27.357,21.797
398,28.102,22.007
399,28.807,22.213
400,29.477,22.417
401,30.113,22.622
402,30.702,22.824
403,31.268,23.011
404,31.819,23.194
405,32.364,23.38
406,32.923,23.575
407,33.422,23.864
408,33.86,24.166
409,34.232,24.468
410,34.535,24.768
411,34.792,24.993
412,35.031,25.214
413,35.233,25.436
414,35.382,25.653
415,35.493,25.736
416,35.631,25.815
417,35.765,25.894
418,35.878,25.96
419,35.972,25.935
420,36.108,25.902
421,36.254,25.867
422,36.399,25.816
423,36.542,25.701
424,36.757,25.575
425,37.02,25.446
426,37.329,25.348
427,37.688,25.327
428,37.999,25.335
429,38.322,25.344
430,38.67,25.396
431,39.044,25.528
432,39.32,25.704
433,39.58,25.881
434,39.839,26.111
435,40.086,26.418
436,40.178,26.778
437,40.159,27.139
438,40.024,27.441
439,39.804,27.672
440,39.585,27.844
441,39.247,28.016
442,38.7,27.953
443,38.137,27.632
444,37.888,27.076
445,37.858,26.521
446,37.984,26.037
447,38.178,25.627
448,38.36,25.289
449,38.589,24.951
450,38.923,24.698
451,39.234,24.54
452,39.454,24.468
453,39.59,24.396
454,39.583,24.222
455,39.64,23.92
456,39.822,23.516
457,40.129,23.114
458,40.676,22.827
459,41.161,22.722
460,41.554,22.734
461,41.877,22.746
462,42.146,22.753
463,42.403,22.747
464,42.652,22.736
465,42.899,22.726
466,43.173,22.737
467,43.394,22.811
468,43.557,22.907
469,43.643,22.998
470,43.559,23.046
471,43.551,22.845
472,43.628,22.59
473,43.785,22.336
474,44.008,22.084
475,44.278,21.86
476,44.585,21.639
477,44.953,21.42
478,45.418,21.205
479,45.886,21.234
480,46.302,21.269
481,46.704,21.305
482,47.126,21.352
483,47.522,21.606
484,47.79,21.867
485,47.943,22.131
486,47.992,22.355
487,47.96,22.309
488,48.071,22.235
489,48.255,22.156
490,48.49,22.097
491,48.774,22.114
492,49.026,22.149
493,49.296,22.186
494,49.592,22.278
495,49.917,22.508
496,50.044,22.792
497,50.049,23.077
498,49.918,23.235
499,49.666,23.164
500,49.662,22.967
501,49.728,22.77
502,49.847,22.572
503,50.01,22.375
504,50.225,22.178
505,50.504,21.982
506,50.856,21.846
507,51.249,21.782
508,51.579,21.779
509,51.908,21.776
510,52.267,21.826
511,52.612,21.934
512,52.869,22.096
513,53.03,22.257
514,53.074,22.317
515,53.125,22.267
516,53.289,22.115
517,53.543,21.963
518,53.869,21.834
519,54.229,21.729
520,54.614,21.647
521,55.058,21.565
522,55.675,21.606
523,56.218,21.805
524,56.628,22.128
525,56.914,22.451
526,56.983,22.66
527,57.146,22.691
528,57.445,22.609
529,57.887,22.526
530,58.768,22.652
531,59.398,23.21
532,59.767,23.975
533,59.868,24.732
534,59.482,25.361
535,59.199,25.555
536,59.008,25.604
537,58.881,25.648
538,58.689,25.66
539,58.595,25.468
540,58.584,25.234
541,58.629,24.997
542,58.668,24.746
543,58.835,24.3
544,59.131,23.834
545,59.557,23.368
546,60.111,22.902
547,60.811,22.518
548,61.625,22.135
549,62.644,21.752
550,63.931,21.426
551,65.359,21.982
552,66.464,22.571
553,67.454,23.173
554,68.425,23.848
555,69.33,24.991
556,69.757,26.185
557,69.746,27.391
558,69.317,28.254
559,68.498,27.861
560,68.787,27.182
561,69.684,26.475
562,71.148,26.179
563,73.188,26.879
564,74.374,27.977
565,75.47,29.083
566,76.555,30.465
567,77.622,32.336
568,77.75,34.485
569,77.175,36.633
570,75.781,37.968
571,73.868,38.165
572,73.267,37.549
573,73.157,36.934
574,73.352,36.234
575,73.895,35.435
576,75.019,34.551
577,77.096,33.667
578,80.56,34.248
579,84.079,36.408
580,85.679,40.035
581,85.639,43.659
582,84.025,46.148
583,82.249,47.427
584,81.48,47.57
585,81.305,47.714
586,81.3,47.69
587,81.703,47.477
588,82.667,47.097
589,84.4,46.717
590,87.738,47.277
591,90.761,49.07
592,93.114,51.804
593,95.124,54.537
594,97.882,57.992
595,99.682,62.612
596,100.37,67.952
597,100.02,73.294
598,97.478,77.874
599,95.545,80.824
600,94.24,83.015
601,93.557,85.22
602,93.814,87.649
603,94.007,90.868
604,94.262,94.339
605,94.907,97.892
606,97.298,101.94
607,98.608,109.32
608,99.118,117.36
609,100.1,125.64
610,104.59,134.76
611,102.56,157.8
612,92.069,182.17
613,70.279,206.44
614,33.886,230.53
615,-3.2526,215.39
616,-29.865,199.89
617,-50.248,184.38
618,-68.124,168.32
619,-82.134,144.48
620,-88.789,120.32
621,-88.735,96.047
622,-82.389,74.034
623,-70.267,65.337
624,-63.833,58.278
625,-58.753,51.535
626,-53.804,45.287
627,-48.526,40.775
628,-44.518,36.68
629,-40.588,32.625
630,-36.483,29.027
631,-32.032,26.49
632,-28.71,24.405
633,-25.529,22.322
634,-22.362,20.488
635,-19.162,19.083
636,-16.566,17.925
637,-14.128,16.769
638,-11.746,15.725
639,-9.4192,14.836
640,-7.3681,14.058
641,-5.4204,13.281
642,-3.4922,12.58
643,-1.6101,11.966
644,0.11228,11.429
645,1.7621,10.891
646,3.4096,10.403
647,5.0269,9.9672
648,6.5675,9.5806
649,8.0996,9.1944
650,9.7333,8.9404
651,11.316,8.8275
652,12.732,8.8469
653,14.047,8.8665
654,15.385,8.977
655,16.615,9.1919
656,17.68,9.4976
657,18.585,9.8036
658,19.293,10.038
659,19.981,10.176
660,20.681,10.242
661,21.374,10.309
662,22.024,10.359
663,22.677,10.383
664,23.34,10.391
665,24.014,10.399
666,24.766,10.453
667,25.445,10.609
668,26.053,10.81
669,26.59,11.01
670,27.024,11.192
671,27.453,11.304
672,27.879,11.394
673,28.3,11.483
674,28.699,11.57
675,29.094,11.633
676,29.492,11.692
677,29.904,11.754
678,30.353,11.823
679,30.738,12.037
680,31.036,12.264
681,31.225,12.49
682,31.277,12.716
683,31.304,12.584
684,31.418,12.451
685,31.569,12.319
686,31.721,12.172
687,31.902,11.858
688,32.211,11.535
689,32.633,11.209
690,33.16,10.927
691,33.786,10.886
692,34.304,10.876
693,34.811,10.873
694,35.333,10.915
695,35.876,11.106
696,36.256,11.336
697,36.552,11.569
698,36.768,11.758
699,36.908,11.846
700,37.116,11.89
701,37.321,11.934
702,37.514,11.954
703,37.696,11.932
704,37.937,11.886
705,38.212,11.84
706,38.525,11.833
707,38.857,11.88
708,39.121,11.966
709,39.345,12.052
710,39.531,12.113
711,39.695,12.146
712,39.876,12.153
713,40.038,12.161
714,40.149,12.098
715,40.278,11.959
716,40.517,11.75
717,40.878,11.541
718,41.376,11.433
719,41.884,11.434
720,42.307,11.537
721,42.697,11.639
722,43.124,11.801
723,43.494,12.032
724,43.768,12.322
725,43.938,12.612
726,43.928,12.805
727,43.957,12.865
728,44.064,12.828
729,44.228,12.791
730,44.43,12.751
731,44.662,12.706
732,44.93,12.658
733,45.237,12.611
734,45.684,12.62
735,46.071,12.759
736,46.405,12.954
737,46.692,13.15
738,46.947,13.347
739,47.175,13.549
740,47.379,13.753
741,47.55,13.953
742,47.649,14.138
743,47.794,14.197
744,47.998,14.234
745,48.293,14.276
746,48.737,14.335
747,49.106,14.758
748,49.344,15.208
749,49.455,15.658
750,49.456,16.107
751,49.374,16.394
752,49.278,16.682
753,49.112,16.969
754,48.842,17.217
755,48.524,17.045
756,48.424,16.849
757,48.46,16.645
758,48.598,16.473
759,48.827,16.464
760,48.992,16.479
761,49.149,16.497
762,49.311,16.529
763,49.481,16.606
764,49.599,16.695
765,49.674,16.785
766,49.705,16.81
767,49.694,16.692
768,49.897,16.508
769,50.238,16.325
770,50.738,16.31
771,51.361,16.57
772,51.65,16.998
773,51.792,17.426
774,51.795,17.75
775,51.715,17.934
776,51.783,18.014
777,51.929,18.093
778,52.162,18.265
779,52.414,18.541
780,52.529,18.909
781,52.55,19.277
782,52.496,19.619
783,52.392,19.932
784,52.268,20.218
785,52.054,20.504
786,51.678,20.648
787,51.323,20.639
788,51.115,20.488
789,51.007,20.337
790,50.947,20.181
791,50.929,20.021
792,50.953,19.856
793,51.024,19.691
794,51.144,19.528
795,51.307,19.368
796,51.522,19.21
797,51.809,19.053
798,52.349,19.026
799,52.774,19.229
800,53.067,19.563
801,53.246,19.897
802,53.263,20.19
803,53.301,20.383
804,53.364,20.534
805,53.458,20.689
806,53.637,20.878
807,53.727,21.212
808,53.72,21.587
809,53.588,21.953
810,53.226,22.277
811,52.944,22.236
812,52.767,22.136
813,52.692,22.037
814,52.701,21.942
815,52.736,21.937
816,52.768,21.939
817,52.806,21.941
818,52.862,21.943
819,52.918,22.009
820,52.951,22.075
821,52.96,22.142
822,52.95,22.202
823,52.93,22.2
824,52.942,22.194
825,52.976,22.186
826,53.025,22.183
827,53.09,22.199
828,53.156,22.218
829,53.239,22.237
830,53.341,22.285
831,53.463,22.419
832,53.485,22.577
833,53.447,22.737
834,53.346,22.848
835,53.182,22.855
836,53.108,22.812
837,53.03,22.769
838,52.931,22.66
839,52.824,22.445
840,52.898,22.164
841,53.096,21.883
842,53.43,21.712
843,53.849,21.684
844,54.137,21.767
845,54.421,21.85
846,54.753,22.036
847,55.063,22.339
848,55.181,22.744
849,55.116,23.15
850,54.842,23.386
851,54.536,23.441
852,54.401,23.326
853,54.366,23.212
854,54.363,23.081
855,54.412,22.934
856,54.527,22.771
857,54.739,22.608
858,55.135,22.576
859,55.476,22.703
860,55.68,22.96
861,55.757,23.218
862,55.629,23.363
863,55.571,23.345
864,55.627,23.214
865,55.792,23.084
866,56.16,23.034
867,56.478,23.132
868,56.744,23.311
869,56.973,23.491
870,57.226,23.696
871,57.43,23.968
872,57.59,24.267
873,57.715,24.568
874,57.834,24.883
875,57.882,25.261
876,57.858,25.657
877,57.743,26.048
878,57.468,26.416
879,57.203,26.563
880,56.957,26.676
881,56.683,26.785
882,56.285,26.878
883,56.002,26.538
884,55.905,26.172
885,56.009,25.806
886,56.316,25.453
887,56.693,25.618
888,56.901,25.79
889,56.99,25.965
890,56.995,26.119
891,56.952,26.077
892,57.004,26.022
893,57.111,25.963
894,57.259,25.908
895,57.455,25.872
896,57.697,25.839
897,58.028,25.807
898,58.458,25.885
899,58.994,26.284
900,59.208,26.782
901,59.282,27.286
902,59.227,27.718
903,59.055,28.004
904,58.982,28.22
905,58.902,28.435
906,58.801,28.617
907,58.681,28.747
908,58.624,28.843
909,58.586,28.939
910,58.561,29.038
911,58.544,29.14
912,58.526,29.245
913,58.503,29.35
914,58.464,29.428
915,58.431,29.474
916,58.452,29.493
917,58.53,29.511
918,58.681,29.595
919,58.836,29.747
920,58.92,29.964
921,58.953,30.181
922,58.954,30.389
923,58.936,30.586
924,58.908,30.774
925,58.85,30.962
926,58.715,31.086
927,58.62,31.132
928,58.607,31.115
929,58.678,31.098
930,58.918,31.175
931,59.101,31.388
932,59.196,31.696
933,59.219,32.004
934,59.169,32.304
935,59.086,32.59
936,58.962,32.869
937,58.784,33.146
938,58.385,33.33
939,58.116,33.264
940,57.976,33.101
941,57.973,32.944
942,58.189,32.834
943,58.36,32.956
944,58.478,33.137
945,58.555,33.319
946,58.627,33.506
947,58.664,33.744
948,58.67,33.989
949,58.647,34.235
950,58.596,34.479
951,58.523,34.709
952,58.435,34.938
953,58.328,35.167
954,58.197,35.394
955,58.04,35.586
956,57.871,35.777
957,57.666,35.968
958,57.415,36.135
959,57.139,36.109
960,56.979,36.068
961,56.899,36.023
962,56.884,36.016
963,56.923,36.175
964,56.834,36.364
965,56.663,36.558
966,56.417,36.686
967,56.096,36.631
968,55.951,36.517
969,55.875,36.399
970,55.86,36.311
971,55.902,36.277
972,55.921,36.273
973,55.963,36.268
974,56.036,36.295
975,56.138,36.372
976,56.198,36.48
977,56.272,36.589
978,56.38,36.751
979,56.502,36.982
980,56.539,37.267
981,56.573,37.551
982,56.67,38
983,56.688,38.63
984,56.355,39.423
985,55.559,40.217
986,54.12,40.395
987,52.712,39.923
988,52.034,38.834
989,51.965,37.747
990,52.463,36.982
991,53.039,36.573
992,53.426,36.486
993,53.77,36.399
994,54.293,36.489
995,54.685,36.796
996,54.851,37.279
997,54.807,37.763
998,54.448,38.107
999,54.133,38.245
1000,53.903,38.244
1001,53.731,38.244
1002,53.559,38.222
1003,53.432,38.16
1004,53.352,38.077
1005,53.323,37.996
1006,53.442,37.975
1007,53.465,38.123
1008,53.385,38.334
1009,53.171,38.534
1010,52.643,38.647
1011,52.3,38.298
1012,52.155,37.841
1013,52.235,37.394
1014,52.627,36.986
1015,52.986,37.027
1016,53.258,37.129
1017,53.476,37.232
1018,53.71,37.34
1019,53.875,37.634
1020,53.949,37.938
1021,53.929,38.242
1022,53.82,38.537
1023,53.662,38.642
1024,53.556,38.743
1025,53.48,38.843
1026,53.419,38.952
1027,53.355,39.125
1028,53.227,39.304
1029,53.028,39.484
1030,52.757,39.608
1031,52.418,39.493
1032,52.27,39.334
1033,52.217,39.169
1034,52.246,39.052
1035,52.355,39.063
1036,52.368,39.12
1037,52.364,39.177
1038,52.349,39.238
1039,52.329,39.306
1040,52.296,39.376
1041,52.263,39.447
1042,52.234,39.539
1043,52.203,39.662
1044,52.112,39.805
1045,51.974,39.948
1046,51.782,40.056
1047,51.552,40.121
1048,51.342,40.15
1049,51.08,40.18
1050,50.71,40.062
1051,50.352,39.783
1052,50.224,39.354
1053,50.306,38.929
1054,50.599,38.657
1055,50.931,38.546
1056,51.133,38.588
1057,51.278,38.63
1058,51.424,38.696
1059,51.543,38.789
1060,51.621,38.907
1061,51.662,39.024
1062,51.659,39.12
1063,51.662,39.188
1064,51.687,39.233
1065,51.737,39.279
1066,51.872,39.384
1067,51.945,39.578
1068,51.936,39.833
1069,51.842,40.089
1070,51.551,40.261
1071,51.33,40.271
1072,51.182,40.199
1073,51.1,40.128
1074,51.102,40.076
1075,51.094,40.082
1076,51.074,40.109
1077,51.039,40.135
1078,50.981,40.154
1079,50.94,40.136
1080,50.919,40.11
1081,50.922,40.084
1082,50.959,40.063
1083,50.995,40.091
1084,51.027,40.125
1085,51.062,40.16
1086,51.116,40.196
1087,51.153,40.312
1088,51.156,40.429
1089,51.124,40.547
1090,51.057,40.661
1091,50.974,40.69
1092,50.919,40.716
1093,50.875,40.741
1094,50.835,40.761
1095,50.805,40.743
1096,50.821,40.723
1097,50.892,40.701
1098,51.018,40.732
1099,51.192,40.973
1100,51.174,41.258
1101,51.03,41.548
1102,50.77,41.737
1103,50.392,41.672
1104,50.27,41.514
1105,50.254,41.352
1106,50.342,41.281
1107,50.517,41.374
1108,50.497,41.557
1109,50.383,41.74
1110,50.165,41.824
1111,49.879,41.762
1112,49.762,41.603
1113,49.706,41.443
1114,49.691,41.272
1115,49.72,41.088
1116,49.827,40.891
1117,50.044,40.696
1118,50.409,40.634
1119,50.812,40.717
1120,51.073,40.933
1121,51.292,41.15
1122,51.556,41.463
1123,51.756,41.876
1124,51.794,42.385
1125,51.656,42.894
1126,51.315,43.29
1127,50.949,43.556
1128,50.639,43.706
1129,50.316,43.857
1130,49.831,43.869
1131,49.446,43.704
1132,49.232,43.399
1133,49.174,43.096
1134,49.354,42.89
1135,49.507,42.832
1136,49.613,42.87
1137,49.691,42.908
1138,49.818,42.983
1139,49.895,43.131
1140,49.924,43.316
1141,49.912,43.501
1142,49.87,43.694
1143,49.777,43.909
1144,49.627,44.131
1145,49.393,44.345
1146,48.945,44.504
1147,48.6,44.335
1148,48.367,44.095
1149,48.234,43.854
1150,48.164,43.611
1151,48.189,43.33
1152,48.306,43.044
1153,48.562,42.76
1154,49.03,42.481
1155,49.488,42.748
1156,49.81,43.026
1157,50.063,43.304
1158,50.31,43.596
1159,50.49,44.162
1160,50.47,44.733
1161,50.27,45.306
1162,49.899,45.823
1163,49.374,45.964
1164,48.983,46.065
1165,48.586,46.158
1166,48.145,46.163
1167,47.654,45.843
1168,47.487,45.452
1169,47.509,45.052
1170,47.71,44.77
1171,48.086,44.78
1172,48.227,44.904
1173,48.33,45.03
1174,48.415,45.177
1175,48.489,45.364
1176,48.492,45.571
1177,48.466,45.777
1178,48.416,45.997
1179,48.337,46.235
1180,48.182,46.488
1181,47.925,46.739
1182,47.531,46.828
1183,47.098,46.726
1184,46.924,46.462
1185,46.932,46.196
1186,47.127,46.076
1187,47.376,46.111
1188,47.482,46.289
1189,47.529,46.468
1190,47.585,46.695
1191,47.593,46.973
1192,47.505,47.298
1193,47.3,47.622
1194,46.926,47.829
1195,46.569,47.902
1196,46.32,47.857
1197,46.152,47.812
1198,46.063,47.802
1199,45.969,47.838
1200,45.853,47.908
1201,45.719,47.979
1202,45.574,48.053
1203,45.413,48.131
1204,45.228,48.212
1205,45.012,48.293
1206,44.651,48.301
1207,44.389,48.154
1208,44.231,47.933
1209,44.184,47.718
1210,44.385,47.581
1211,44.475,47.716
1212,44.449,47.941
1213,44.293,48.158
1214,43.933,48.334
1215,43.633,48.245
1216,43.404,48.102
1217,43.243,47.958
1218,43.123,47.813
1219,43.054,47.655
1220,43.032,47.496
1221,43.089,47.337
1222,43.265,47.18
1223,43.416,47.382
1224,43.449,47.586
1225,43.38,47.791
1226,43.23,47.987
1227,43.022,48.038
1228,42.847,48.083
1229,42.669,48.125
1230,42.472,48.151
1231,42.262,48.07
1232,42.131,47.976
1233,42.06,47.88
1234,42.041,47.83
1235,42.066,47.945
1236,41.924,48.098
1237,41.66,48.255
1238,41.271,48.279
1239,40.752,47.979
1240,40.62,47.55
1241,40.667,47.121
1242,40.902,46.847
1243,41.299,46.848
1244,41.414,47.009
1245,41.452,47.168
1246,41.436,47.33
1247,41.374,47.496
1248,41.25,47.664
1249,41.049,47.833
1250,40.751,47.914
1251,40.411,47.892
1252,40.178,47.782
1253,39.976,47.671
1254,39.769,47.529
1255,39.582,47.353
1256,39.454,47.146
1257,39.381,46.939
1258,39.35,46.751
1259,39.339,46.581
1260,39.328,46.43
1261,39.331,46.279
1262,39.354,46.131
1263,39.396,45.986
1264,39.46,45.843
1265,39.569,45.699
1266,39.796,45.636
1267,39.978,45.679
1268,40.081,45.802
1269,40.122,45.924
1270,40.111,46.045
1271,40.072,46.159
1272,40.001,46.27
1273,39.895,46.381
1274,39.659,46.438
1275,39.476,46.378
1276,39.346,46.264
1277,39.264,46.152
1278,39.235,46.049
1279,39.203,45.983
1280,39.165,45.927
1281,39.114,45.87
1282,39.032,45.803
1283,38.987,45.667
1284,38.983,45.517
1285,39.036,45.369
1286,39.178,45.232
1287,39.292,45.274
1288,39.351,45.332
1289,39.353,45.39
1290,39.3,45.448
1291,39.241,45.38
1292,39.218,45.31
1293,39.22,45.241
1294,39.238,45.171
1295,39.28,45.091
1296,39.357,45.011
1297,39.489,44.931
1298,39.68,44.893
1299,39.915,45.096
1300,39.979,45.329
1301,39.941,45.568
1302,39.815,45.766
1303,39.605,45.818
1304,39.469,45.835
1305,39.326,45.848
1306,39.161,45.811
1307,38.964,45.657
1308,38.931,45.455
1309,38.979,45.252
1310,39.112,45.117
1311,39.32,45.098
1312,39.417,45.148
1313,39.493,45.197
1314,39.562,45.259
1315,39.623,45.337
1316,39.652,45.428
1317,39.666,45.519
1318,39.676,45.628
1319,39.666,45.76
1320,39.597,45.91
1321,39.444,46.059
1322,39.169,46.081
1323,38.893,45.963
1324,38.786,45.714
1325,38.834,45.467
1326,39.029,45.324
1327,39.241,45.291
1328,39.368,45.363
1329,39.451,45.435
1330,39.536,45.529
1331,39.59,45.648
1332,39.6,45.788
1333,39.562,45.929
1334,39.434,46.02
1335,39.328,46.043
1336,39.264,46.016
1337,39.234,45.99
1338,39.235,45.968
1339,39.246,45.954
1340,39.27,45.946
1341,39.31,45.938
1342,39.426,45.965
1343,39.498,46.071
1344,39.527,46.214
1345,39.511,46.356
1346,39.431,46.483
1347,39.358,46.556
1348,39.292,46.612
1349,39.233,46.668
1350,39.174,46.725
1351,39.104,46.788
1352,39.016,46.851
1353,38.889,46.912
1354,38.677,46.959
1355,38.529,46.774
1356,38.481,46.569
1357,38.546,46.364
1358,38.732,46.16
1359,38.954,46.249
1360,39.109,46.339
1361,39.238,46.429
1362,39.372,46.529
1363,39.496,46.751
1364,39.545,46.98
1365,39.549,47.212
1366,39.52,47.45
1367,39.448,47.712
1368,39.297,47.978
1369,39.049,48.244
1370,38.699,48.423
1371,38.239,48.312
1372,38.027,48.124
1373,37.905,47.931
1374,37.856,47.764
1375,37.874,47.652
1376,37.878,47.565
1377,37.9,47.479
1378,37.946,47.4
1379,38.019,47.332
1380,38.118,47.272
1381,38.276,47.211
1382,38.519,47.25
1383,38.804,47.419
1384,38.926,47.687
1385,38.982,47.955
1386,38.996,48.227
1387,38.972,48.504
1388,38.903,48.783
1389,38.773,49.062
1390,38.578,49.302
1391,38.353,49.502
1392,38.14,49.664
1393,37.895,49.825
1394,37.57,49.912
1395,37.256,49.92
1396,37.019,49.856
1397,36.829,49.79
1398,36.652,49.711
1399,36.507,49.615
1400,36.399,49.505
1401,36.336,49.395
1402,36.342,49.314
1403,36.348,49.276
1404,36.346,49.269
1405,36.347,49.262
1406,36.414,49.295
1407,36.437,49.398
1408,36.412,49.543
1409,36.342,49.689
1410,36.209,49.819
1411,36.071,49.918
1412,35.925,50.002
1413,35.767,50.085
1414,35.553,50.153
1415,35.358,50.156
1416,35.175,50.141
1417,34.995,50.124
1418,34.781,50.095
1419,34.607,49.972
1420,34.479,49.833
1421,34.399,49.696
1422,34.374,49.562
1423,34.36,49.504
1424,34.338,49.452
1425,34.316,49.4
1426,34.301,49.348
1427,34.297,49.31
1428,34.303,49.273
1429,34.334,49.235
1430,34.397,49.21
1431,34.475,49.318
1432,34.485,49.434
1433,34.458,49.552
1434,34.405,49.667
1435,34.326,49.77
1436,34.236,49.87
1437,34.134,49.97
1438,34.017,50.068
1439,33.881,50.162
1440,33.723,50.255
1441,33.533,50.347
1442,33.307,50.406
1443,33.04,50.397
1444,32.829,50.355
1445,32.607,50.313
1446,32.36,50.217
1447,32.098,50.033
1448,31.97,49.796
1449,31.917,49.559
1450,31.94,49.372
1451,32.013,49.254
1452,32.035,49.187
1453,32.064,49.12
1454,32.121,49.098
1455,32.178,49.127
1456,32.162,49.2
1457,32.084,49.273
1458,31.943,49.293
1459,31.792,49.256
1460,31.698,49.167
1461,31.647,49.077
1462,31.633,49.012
1463,31.619,48.975
1464,31.58,48.963
1465,31.515,48.951
1466,31.397,48.892
1467,31.312,48.777
1468,31.295,48.617
1469,31.351,48.455
1470,31.563,48.385
1471,31.724,48.443
1472,31.798,48.592
1473,31.799,48.74
1474,31.715,48.865
1475,31.627,48.949
1476,31.538,49.009
1477,31.444,49.07
1478,31.312,49.116
1479,31.191,49.126
1480,31.079,49.123
1481,30.971,49.119
1482,30.852,49.11
1483,30.742,49.079
1484,30.638,49.043
1485,30.538,49.006
1486,30.431,48.968
1487,30.329,48.911
1488,30.226,48.852
1489,30.11,48.791
1490,29.952,48.724
1491,29.847,48.501
1492,29.821,48.267
1493,29.891,48.034
1494,30.072,47.805
1495,30.284,47.88
1496,30.404,47.959
1497,30.474,48.038
1498,30.523,48.123
1499,30.543,48.259
1500,30.504,48.398
1501,30.407,48.537
1502,30.255,48.647
1503,30.052,48.616
1504,29.93,48.562
1505,29.842,48.504
1506,29.773,48.452
1507,29.722,48.415
1508,29.666,48.382
1509,29.61,48.349
1510,29.555,48.315
1511,29.501,48.279
1512,29.452,48.242
1513,29.407,48.204
1514,29.364,48.167
1515,29.323,48.131
1516,29.284,48.096
1517,29.246,48.06
1518,29.209,48.024
1519,29.175,47.988
1520,29.143,47.951
1521,29.114,47.914
1522,29.09,47.88
1523,29.069,47.85
1524,29.044,47.822
1525,29.02,47.794
1526,28.998,47.768
1527,28.975,47.744
1528,28.952,47.721
1529,28.928,47.698
1530,28.903,47.674
1531,28.879,47.65
1532,28.856,47.625
1533,28.834,47.601
1534,28.814,47.577
1535,28.794,47.553
1536,28.775,47.529
1537,28.756,47.506
1538,28.739,47.482
1539,28.723,47.457
1540,28.71,47.431
1541,28.699,47.406
1542,28.698,47.383
1543,28.695,47.367
1544,28.691,47.353
1545,28.688,47.34
1546,28.694,47.331
1547,28.694,47.333
1548,28.689,47.339
1549,28.679,47.345
1550,28.665,47.35
1551,28.65,47.355
1552,28.634,47.359
1553,28.617,47.363
1554,28.6,47.367
1555,28.582,47.371
1556,28.563,47.375
1557,28.543,47.38
1558,28.522,47.384
1559,28.501,47.388
1560,28.48,47.392
1561,28.458,47.397
1562,28.435,47.401
1563,28.413,47.405
1564,28.39,47.409
1565,28.366,47.413
1566,28.342,47.418
1567,28.318,47.422
1568,28.294,47.426
1569,28.269,47.43
1570,28.244,47.434
1571,28.219,47.437
1572,28.194,47.441
1573,28.169,47.444
1574,28.144,47.447
1575,28.12,47.451
1576,28.095,47.454
1577,28.07,47.458
1578,28.045,47.461
1579,28.021,47.464
1580,27.996,47.468
1581,27.972,47.471
1582,27.948,47.474
1583,27.925,47.477
1584,27.903,47.48
1585,27.882,47.482
1586,27.864,47.487
1587,27.847,47.494
1588,27.827,47.503
1589,27.809,47.512
1590,27.792,47.525
1591,27.775,47.541
1592,27.754,47.56
1593,27.729,47.579
1594,27.702,47.597
1595,27.674,47.616
1596,27.645,47.634
1597,27.615,47.651
1598,27.584,47.669
1599,27.552,47.686
1600,27.52,47.703
1601,27.487,47.72
1602,27.453,47.738
1603,27.419,47.755
1604,27.384,47.773
1605,27.347,47.791
1606,27.309,47.809
1607,27.27,47.826
1608,27.229,47.843
1609,27.187,47.861
1610,27.141,47.876
1611,27.095,47.888
1612,27.051,47.897
1613,27.008,47.907
1614,26.964,47.915
1615,26.92,47.922
1616,26.878,47.929
1617,26.837,47.935
1618,26.797,47.941
1619,26.757,47.948
1620,26.716,47.956
1621,26.676,47.963
1622,26.635,47.97
1623,26.595,47.978
1624,26.554,47.985
1625,26.513,47.992
1626,26.471,47.999
1627,26.43,48.006
1628,26.389,48.012
1629,26.348,48.019
1630,26.308,48.025
1631,26.267,48.033
1632,26.225,48.04
1633,26.183,48.048
1634,26.141,48.055
1635,26.098,48.061
1636,26.055,48.066
1637,26.013,48.072
1638,25.971,48.078
1639,25.929,48.084
1640,25.887,48.09
1641,25.844,48.096
1642,25.801,48.102
1643,25.758,48.109
1644,25.714,48.115
1645,25.671,48.121
1646,25.627,48.127
1647,25.582,48.133
1648,25.538,48.138
1649,25.493,48.144
1650,25.448,48.15
1651,25.404,48.156
1652,25.357,48.163
1653,25.309,48.17
1654,25.259,48.175
1655,25.207,48.178
1656,25.158,48.18
1657,25.108,48.181
1658,25.057,48.181
1659,25.006,48.179
1660,24.957,48.174
1661,24.911,48.17
1662,24.865,48.166
1663,24.82,48.162
1664,24.775,48.159
1665,24.73,48.155
1666,24.686,48.151
1667,24.642,48.148
1668,24.599,48.144
1669,24.555,48.14
1670,24.513,48.136
1671,24.47,48.133
1672,24.428,48.129
1673,24.386,48.126
1674,24.344,48.122
1675,24.302,48.118
1676,24.262,48.114
1677,24.221,48.11
1678,24.183,48.106
1679,24.145,48.105
1680,24.106,48.104
1681,24.066,48.103
1682,24.029,48.103
1683,23.989,48.104
1684,23.949,48.106
1685,23.908,48.108
1686,23.866,48.11
1687,23.824,48.112
1688,23.782,48.114
1689,23.739,48.116
1690,23.696,48.117
1691,23.652,48.119
1692,23.608,48.12
1693,23.564,48.122
1694,23.52,48.123
1695,23.475,48.124
1696,23.43,48.125
1697,23.385,48.126
1698,23.34,48.126
1699,23.294,48.129
1700,23.247,48.131
1701,23.199,48.133
1702,23.149,48.134
1703,23.098,48.131
1704,23.049,48.128
1705,23,48.124
1706,22.951,48.12
1707,22.902,48.115
1708,22.855,48.11
1709,22.808,48.104
1710,22.761,48.098
1711,22.714,48.092
1712,22.668,48.086
1713,22.622,48.08
1714,22.577,48.074
1715,22.532,48.069
1716,22.487,48.063
1717,22.441,48.058
1718,22.396,48.052
1719,22.351,48.047
1720,22.306,48.042
1721,22.26,48.037
1722,22.214,48.031
1723,22.168,48.026
1724,22.122,48.02
1725,22.076,48.014
1726,22.03,48.008
1727,21.983,48.001
1728,21.937,47.994
1729,21.891,47.987
1730,21.845,47.979
1731,21.799,47.972
1732,21.753,47.963
1733,21.708,47.955
1734,21.663,47.947
1735,21.618,47.939
1736,21.573,47.931
1737,21.528,47.923
1738,21.484,47.914
1739,21.439,47.907
1740,21.395,47.899
1741,21.35,47.891
1742,21.306,47.883
1743,21.261,47.875
1744,21.216,47.867
1745,21.171,47.859
1746,21.126,47.851
1747,21.081,47.843
1748,21.036,47.835
1749,20.99,47.827
1750,20.944,47.819
1751,20.898,47.81
1752,20.852,47.8
1753,20.806,47.791
1754,20.759,47.781
1755,20.713,47.77
1756,20.667,47.758
1757,20.622,47.746
1758,20.578,47.734
1759,20.534,47.723
1760,20.49,47.712
1761,20.446,47.701
1762,20.402,47.69
1763,20.359,47.679
1764,20.315,47.668
1765,20.27,47.657
1766,20.226,47.646
1767,20.182,47.634
1768,20.139,47.623
1769,20.095,47.611
1770,20.052,47.6
1771,20.009,47.589
1772,19.965,47.578
1773,19.921,47.568
1774,19.876,47.557
1775,19.831,47.545
1776,19.786,47.532
1777,19.742,47.52
1778,19.697,47.507
1779,19.652,47.493
1780,19.608,47.479
1781,19.565,47.464
1782,19.522,47.45
1783,19.48,47.436
1784,19.437,47.422
1785,19.395,47.408
1786,19.353,47.394
1787,19.311,47.381
1788,19.269,47.367
1789,19.227,47.353
1790,19.186,47.339
1791,19.144,47.325
1792,19.103,47.311
1793,19.062,47.297
1794,19.021,47.283
1795,18.98,47.27
1796,18.939,47.256
1797,18.898,47.242
1798,18.858,47.228
1799,18.818,47.215
1800,18.777,47.201
1801,18.737,47.188
1802,18.698,47.175
1803,18.659,47.162
1804,18.619,47.151
1805,18.578,47.139
1806,18.538,47.127
1807,18.497,47.115
1808,18.456,47.104
1809,18.415,47.093
1810,18.373,47.081
1811,18.331,47.069
1812,18.289,47.057
1813,18.248,47.045
1814,18.206,47.033
1815,18.164,47.022
1816,18.121,47.01
1817,18.079,46.998
1818,18.036,46.986
1819,17.993,46.974
1820,17.95,46.962
1821,17.906,46.951
1822,17.862,46.939
1823,17.818,46.927
1824,17.772,46.916
1825,17.725,46.904
1826,17.676,46.892
1827,17.627,46.874
1828,17.579,46.856
1829,17.533,46.838
1830,17.487,46.82
1831,17.442,46.8
1832,17.398,46.78
1833,17.354,46.76
1834,17.311,46.74
1835,17.268,46.721
1836,17.226,46.701
1837,17.185,46.682
1838,17.143,46.662
1839,17.102,46.643
1840,17.06,46.624
1841,17.019,46.606
1842,16.978,46.587
1843,16.936,46.567
1844,16.895,46.548
1845,16.855,46.528
1846,16.814,46.509
1847,16.774,46.49
1848,16.734,46.471
1849,16.693,46.453
1850,16.651,46.434
1851,16.609,46.414
1852,16.568,46.394
1853,16.527,46.374
1854,16.486,46.353
1855,16.444,46.332
1856,16.404,46.31
1857,16.365,46.288
1858,16.326,46.266
1859,16.287,46.244
1860,16.248,46.222
1861,16.21,46.201
1862,16.172,46.179
1863,16.135,46.158
1864,16.097,46.136
1865,16.059,46.115
1866,16.022,46.093
1867,15.985,46.072
1868,15.949,46.05
1869,15.912,46.029
1870,15.876,46.007
1871,15.841,45.986
1872,15.805,45.966
1873,15.769,45.945
1874,15.733,45.925
1875,15.697,45.904
1876,15.662,45.882
1877,15.627,45.861
1878,15.594,45.841
1879,15.56,45.821
1880,15.526,45.802
1881,15.491,45.783
1882,15.457,45.765
1883,15.422,45.747
1884,15.387,45.729
1885,15.352,45.711
1886,15.316,45.693
1887,15.28,45.674
1888,15.244,45.656
1889,15.209,45.637
1890,15.174,45.619
1891,15.138,45.601
1892,15.102,45.583
1893,15.066,45.566
1894,15.029,45.548
1895,14.993,45.53
1896,14.956,45.512
1897,14.919,45.493
1898,14.883,45.474
1899,14.847,45.457
1900,14.81,45.44
1901,14.772,45.422
1902,14.734,45.404
1903,14.695,45.386
1904,14.657,45.367
1905,14.618,45.348
1906,14.579,45.328
1907,14.54,45.307
1908,14.501,45.286
1909,14.464,45.264
1910,14.427,45.243
1911,14.39,45.221
1912,14.353,45.2
1913,14.316,45.179
1914,14.279,45.158
1915,14.242,45.136
1916,14.206,45.115
1917,14.17,45.094
1918,14.134,45.073
1919,14.097,45.052
1920,14.061,45.031
1921,14.024,45.011
1922,13.988,44.99
1923,13.95,44.969
1924,13.913,44.948
1925,13.876,44.927
1926,13.84,44.906
1927,13.803,44.885
1928,13.765,44.865
1929,13.727,44.844
1930,13.687,44.823
1931,13.647,44.8
1932,13.608,44.776
1933,13.569,44.752
1934,13.53,44.727
1935,13.491,44.702
1936,13.453,44.675
1937,13.416,44.649
1938,13.381,44.622
1939,13.345,44.596
1940,13.31,44.57
1941,13.275,44.544
1942,13.24,44.519
1943,13.206,44.493
1944,13.171,44.468
1945,13.136,44.443
1946,13.102,44.417
1947,13.067,44.392
1948,13.032,44.366
1949,12.998,44.34
1950,12.964,44.314
1951,12.931,44.288
1952,12.897,44.262
1953,12.864,44.236
1954,12.831,44.211
1955,12.798,44.185
1956,12.765,44.161
1957,12.731,44.136
1958,12.696,44.111
1959,12.662,44.084
1960,12.628,44.057
1961,12.594,44.03
1962,12.561,44.003
1963,12.529,43.976
1964,12.496,43.949
1965,12.464,43.922
1966,12.431,43.895
1967,12.399,43.868
1968,12.367,43.84
1969,12.335,43.813
1970,12.304,43.785
1971,12.273,43.758
1972,12.242,43.731
1973,12.212,43.705
1974,12.181,43.678
1975,12.15,43.651
1976,12.12,43.624
1977,12.089,43.598
1978,12.058,43.571
1979,12.028,43.545
1980,11.997,43.518
1981,11.966,43.492
1982,11.935,43.465
1983,11.904,43.438
1984,11.873,43.411
1985,11.842,43.384
1986,11.811,43.357
1987,11.779,43.329
1988,11.749,43.3
1989,11.718,43.271
1990,11.688,43.242
1991,11.659,43.213
1992,11.629,43.184
1993,11.601,43.154
1994,11.572,43.125
1995,11.544,43.096
1996,11.517,43.068
1997,11.489,43.039
1998,11.461,43.01
